dataset	daemon	preproc_avg	distances_avg	project	datasets
Absiella_dolichum	43.1	12.527777777777779	0.9055555555555556	0.25	3
Acetobacter_aceti	43.35	16.03095238095238	2.964285714285715	0.3833333333333333	7
Acetobacter_ascendens	43.05	14.544444444444444	1.5444444444444443	0.2	3
Acetobacter_cerevisiae	43.05	15.016666666666666	1.4944444444444445	0.23333333333333334	3
Acetobacter_cibinongensis	42.9	15.0	0.9833333333333334	0.2	2
Acetobacter_indonesiensis	42.86666666666667	15.488888888888889	1.527777777777778	0.26666666666666666	3
Acetobacterium_bakii	42.833333333333336	19.68888888888889	2.2277777777777774	0.26666666666666666	3
Acetobacter_malorum	43.0	15.692857142857145	3.3809523809523805	0.23333333333333334	7
Acetobacter_okinawensis	42.71666666666667	14.466666666666667	0.9166666666666667	0.23333333333333334	2
Acetobacter_orientalis	42.88333333333333	13.819444444444445	2.4194444444444443	0.23333333333333334	6
Acetobacter_orleanensis	135.3	9.927777777777779	0.0	1.3666666666666667	3
Acetobacter_oryzifermentans	135.13333333333333	14.625	0.7333333333333333	0.9333333333333333	2
Acetobacter_pasteurianus	222.81666666666666	12.144827586206898	0.03787878787878787	16.800000000000004	29
Acetobacter_persici	205.16666666666666	10.799999999999999	0.0	2.216666666666667	3
Acetobacter_senegalensis	185.41666666666666	11.305555555555555	0.03333333333333333	2.083333333333333	3
Acetobacter_syzygii	140.53333333333333	5.946666666666667	0.6066666666666666	2.2833333333333328	5
Acetobacter_tropicalis	163.06666666666666	7.109523809523808	0.4023809523809523	3.683333333333333	7
Acholeplasma_laidlawii	193.33333333333334	4.201666666666666	0.11666666666666665	4.866666666666665	10
Acholeplasma_oculi	177.63333333333333	7.638888888888888	0.13333333333333333	1.9833333333333334	3
Achromobacter_denitrificans	91.06666666666666	29.885	11.921666666666667	5.716666666666667	10
Achromobacter_insolitus	86.03333333333333	29.85833333333333	11.515	4.749999999999999	10
Achromobacter_marplatensis	82.93333333333334	30.600000000000005	3.4	1.7666666666666666	3
Achromobacter_piechaudii	82.93333333333334	28.46111111111111	2.977777777777778	1.55	3
Achromobacter_xylosoxidans	189.1	29.828186274509804	51.14264705882352	39.1	68
Acidaminococcus_fermentans	287.76666666666665	7.319444444444444	0.7166666666666667	3.35	6
Acidaminococcus_intestini	57.85	9.638888888888888	1.122222222222222	1.5166666666666668	3
Acidibacillus_ferrooxidans	62.2	5.629166666666666	1.625	2.1166666666666667	4
Acidiferrobacter_thiooxydans	69.55	3.1333333333333333	0.8583333333333334	1.0166666666666668	2
Acidihalobacter_prosperus	45.21666666666667	5.95	1.461111111111111	1.2333333333333334	3
Acidiphilium_multivorum	45.166666666666664	6.308333333333334	1.4666666666666668	0.7666666666666667	2
Acidiplasma_aeolicum	35.15	6.041666666666666	0.6416666666666666	0.7333333333333334	2
Acidiplasma_cupricumulans	35.15	5.575	0.5833333333333333	1.1500000000000001	2
Acidipropionibacterium_acidipropionici	47.86666666666667	4.107142857142857	3.9952380952380957	3.9999999999999996	7
Acidithiobacillus_caldus	50.43333333333333	4.45952380952381	2.6023809523809525	3.716666666666667	7
Acidithiobacillus_ferrooxidans	50.5	4.259259259259259	3.398148148148148	4.466666666666666	9
Acidithiobacillus_thiooxidans	95.83333333333333	5.553030303030303	0.0	3.833333333333333	11
Acidocella_aminolytica	67.76666666666667	6.4	1.375	1.0833333333333337	2
Acidovorax_avenae	65.93333333333334	21.880555555555553	9.028703703703705	10.200000000000001	18
Acidovorax_caeni	110.41666666666667	2.7666666666666666	1.4333333333333333	0.8333333333333334	2
Acidovorax_carolinensis	95.45	19.620833333333334	NA	1.3166666666666667	4
Acidovorax_cattleyae	85.25	10.733333333333333	1.4500000000000002	0.7000000000000002	2
Acidovorax_citrulli	98.4	9.053333333333333	0.33333333333333337	3.516666666666666	10
Acidovorax_radicis	69.96666666666667	3.9333333333333336	2.175	0.8166666666666669	2
Acinetobacter_baylyi	52.516666666666666	1.6933333333333334	3.02	1.633333333333333	5
Acinetobacter_beijerinckii	54.983333333333334	7.3999999999999995	1.461111111111111	1.5333333333333332	3
Acinetobacter_bereziniae	67.76666666666667	3.638888888888889	6.533333333333333	3.4499999999999997	9
Acinetobacter_bohemicus	47.63333333333333	8.766666666666667	1.1916666666666667	1.366666666666667	2
Acinetobacter_bouvetii	47.68333333333333	4.966666666666666	1.3333333333333333	3.133333333333333	3
Acinetobacter_brisouii	45.233333333333334	5.316666666666666	1.6291666666666667	3.8	4
Acinetobacter_calcoaceticus	91.4	6.575000000000001	2.8888888888888893	8.2	20
Acinetobacter_colistiniresistens	57.8	0.3999999999999999	3.0666666666666664	2.9166666666666665	4
Acinetobacter_gerneri	55.25	13.094444444444447	2.5000000000000004	2.1333333333333333	3
Acinetobacter_guillouiae	60.5	8.286666666666667	1.3055555555555556	3.3000000000000003	5
Acinetobacter_gyllenbergii	60.43333333333333	7.709999999999999	0.03666666666666667	2.9166666666666656	5
Acinetobacter_haemolyticus	81.63333333333334	9.436666666666666	NA	8.416666666666666	20
Acinetobacter_indicus	128.53333333333333	3.4651515151515158	5.658333333333333	12.15	33
Acinetobacter_johnsonii	77.23333333333333	2.9188405797101447	3.566666666666667	9.433333333333332	23
Acinetobacter_junii	125.71666666666667	2.5293103448275867	1.8888888888888886	10.616666666666667	29
Acinetobacter_lactucae	60.81666666666667	5.404166666666667	2.15	3.9000000000000004	8
Acinetobacter_lwoffii	61.333333333333336	9.633333333333335	2.596969696969697	7.816666666666667	16
Acinetobacter_nosocomialis	165.05	4.5173202614379075	9.12051282051282	60.583333333333336	102
Acinetobacter_oleivorans	55.56666666666667	6.963888888888889	3.5833333333333335	4.016666666666667	6
Acinetobacter_parvus	53.05	2.3433333333333333	1.925	1.7666666666666668	5
Acinetobacter_radioresistens	88.48333333333333	4.060992907801418	5.8339080459770125	19.116666666666667	47
Acinetobacter_rudis	55.2	5.45	1.0083333333333333	1.0166666666666668	2
Acinetobacter_schindleri	55.833333333333336	5.5	3.475925925925926	3.6166666666666663	9
Acinetobacter_seifertii	60.95	7.435185185185186	5.3203703703703695	3.033333333333333	9
Acinetobacter_soli	78.66666666666667	8.854166666666666	5.101388888888889	4.799999999999999	12
Acinetobacter_tandoii	85.53333333333333	12.729166666666668	1.75	1.4666666666666668	4
Acinetobacter_tjernbergiae	57.78333333333333	17.600000000000005	1.9833333333333334	1.3333333333333337	3
Acinetobacter_towneri	55.35	15.741666666666667	1.5791666666666666	1.7166666666666666	4
Acinetobacter_ursingii	76.88333333333334	16.703333333333333	9.31888888888889	13.41666666666667	30
Acinetobacter_venetianus	63.166666666666664	16.790909090909093	4.853030303030303	5.0666666666666655	11
Actinoalloteichus_cyanogriseus	55.21666666666667	21.71666666666667	3.527777777777778	1.25	3
Actinobacillus_lignieresii	45.166666666666664	15.427777777777779	1.1666666666666667	1.7499999999999998	3
Actinobacillus_minor	42.63333333333333	13.558333333333334	0.75	0.9666666666666668	2
Actinobacillus_pleuropneumoniae	71.11666666666666	14.963690476190475	6.098717948717948	10.933333333333334	28
Actinobacillus_seminis	45.2	15.008333333333333	0.7583333333333333	0.9833333333333336	2
Actinobacillus_succinogenes	42.65	14.541666666666666	0.8083333333333333	0.9000000000000002	2
Actinobacillus_suis	55.36666666666667	16.204761904761906	2.326190476190476	2.966666666666666	7
Actinobacillus_ureae	40.2	13.722222222222223	1.388888888888889	1.5666666666666667	3
Actinobaculum_massiliense	40.13333333333333	12.8	0.55	0.9833333333333336	2
Actinobaculum_suis	50.21666666666667	13.725	0.9916666666666667	1.65	4
Actinomadura_madurae	100.21666666666667	51.90833333333333	5.775	1.9500000000000002	4
Actinomyces_denticolens	57.68333333333333	15.3625	1.4833333333333334	1.5833333333333335	4
Actinomyces_gaoshouyii	52.63333333333333	13.533333333333335	0.8166666666666667	1.4166666666666667	2
Actinomyces_georgiae	47.666666666666664	13.166666666666666	1.361111111111111	1.2333333333333334	3
Actinomyces_liubingyangii	45.1	12.033333333333333	0.6833333333333333	0.9833333333333335	2
Actinomyces_massiliensis	47.63333333333333	16.408333333333335	0.875	0.9000000000000001	2
Actinomyces_meyeri	42.61666666666667	13.266666666666667	0.5666666666666667	0.9000000000000001	2
Actinomyces_naeslundii	68.48333333333333	15.80217391304348	8.149275362318843	8.466666666666667	23
Actinomyces_neuii	50.333333333333336	14.3	1.44	1.9	5
Actinomyces_odontolyticus	42.81666666666667	14.243333333333334	1.34	1.9	5
Actinomyces_urogenitalis	42.85	13.586666666666668	2.1533333333333333	2.066666666666667	5
Actinopolyspora_erythraea	45.166666666666664	19.433333333333337	1.8250000000000002	0.9500000000000002	2
Actinopolyspora_mortivallis	42.766666666666666	16.75	1.3666666666666667	1.0166666666666668	2
Actinosynnema_pretiosum	57.68333333333333	27.933333333333334	3.8944444444444444	1.2166666666666668	3
Actinotalea_fermentans	37.71666666666667	13.466666666666669	0.6416666666666667	1.0333333333333337	2
Actinotignum_schaalii	40.18333333333333	12.516666666666667	0.7999999999999999	1.4666666666666668	3
Actinotignum_timonense	40.18333333333333	12.316666666666668	0.8888888888888888	1.1333333333333335	3
Actinotignum_urinale	47.666666666666664	11.066666666666666	0.4666666666666667	1.3166666666666667	2
Acuticoccus_yangtzensis	52.65	24.191666666666663	1.4833333333333334	0.9166666666666669	2
Adlercreutzia_equolifaciens	40.11666666666667	13.883333333333333	1.4083333333333332	0.9666666666666669	2
Advenella_kashmirensis	50.233333333333334	21.125	1.8333333333333333	1.7333333333333334	4
Aequorivita_viscosa	37.6	12.433333333333334	1.1749999999999998	1.1833333333333333	2
Aerococcus_christensenii	37.68333333333333	11.1375	1.05	1.7833333333333332	4
Aerococcus_sanguinicola	40.11666666666667	12.675	0.575	1.6833333333333333	2
Aerococcus_urinae	63.96666666666667	13.049462365591397	7.194623655913979	15.299999999999999	31
Aerococcus_urinaeequi	47.75	12.983333333333334	1.1300000000000001	2.1833333333333336	5
Aerococcus_urinaehominis	37.6	11.625	0.65	1.0166666666666668	2
Aerococcus_viridans	42.86666666666667	12.216666666666667	1.6625	3.3333333333333335	8
Aeromicrobium_massiliense	52.65	19.799999999999997	1.3833333333333333	0.8666666666666669	2
Aeromonas_allosaccharophila	60.333333333333336	24.769444444444446	4.455555555555556	3.4999999999999996	6
Aeromonas_bestiarum	55.25	24.92222222222222	2.4388888888888887	1.5999999999999999	3
Aeromonas_bivalvium	55.18333333333333	23.122222222222224	1.761111111111111	1.3166666666666669	3
Aeromonas_caviae	89.55	25.40925925925926	16.366203703703704	16.933333333333334	36
Aeromonas_dhakensis	73.38333333333334	27.523958333333336	10.110416666666666	6.949999999999999	16
Aeromonas_diversa	55.2	23.7	1.9166666666666667	1.7833333333333337	3
Aeromonas_enteropelogenes	57.733333333333334	24.64666666666667	3.3	2.1999999999999997	5
Aeromonas_hydrophila	208.06666666666666	25.795205479452058	33.54657534246576	39.43333333333334	73
Aeromonas_jandaei	60.333333333333336	25.236666666666668	2.8233333333333333	1.9666666666666668	5
Aeromonas_media	62.916666666666664	24.966666666666665	4.990476190476191	3.0500000000000003	7
Aeromonas_piscicola	57.666666666666664	27.53333333333333	1.375	1.0166666666666668	2
Aeromonas_salmonicida	178.38333333333333	27.237106918238982	28.369934640522878	29.05	53
Aeromonas_schubertii	55.233333333333334	23.333333333333332	2.5444444444444443	1.8333333333333335	3
Aeromonas_sobria	72.93333333333334	26.28666666666667	3.8033333333333332	2.0	5
Aeromonas_taiwanensis	65.15	25.725	1.2583333333333333	0.9500000000000002	2
Aeromonas_veronii	181.58333333333334	25.12486772486773	30.71322751322751	30.083333333333336	63
Aeropyrum_camini	45.18333333333333	9.7	0.44999999999999996	1.6500000000000004	2
Afifella_marina	55.13333333333333	22.65	1.55	1.0166666666666668	2
Afipia_broomeae	125.15	25.325000000000003	1.7333333333333334	0.9166666666666669	2
Afipia_felis	50.233333333333334	17.758333333333333	2.7750000000000004	1.8333333333333335	4
Aggregatibacter_actinomycetemcomitans	140.23333333333332	14.45434782608696	10.071376811594202	16.633333333333336	46
Aggregatibacter_aphrophilus	128.95	14.819565217391302	6.231159420289856	9.566666666666668	23
Aggregatibacter_kilianii	120.73333333333333	14.293939393939393	4.216666666666668	4.449999999999999	11
Aggregatibacter_segnis	115.53333333333333	12.6	2.4722222222222223	4.133333333333333	9
Agrobacterium_bohemicum	115.18333333333334	20.891666666666666	1.7416666666666667	1.1500000000000001	2
Agrobacterium_fabrum	112.88333333333334	24.144444444444442	5.73888888888889	2.4166666666666665	6
Agrobacterium_rhizogenes	118.13333333333334	26.738333333333333	9.131666666666668	4.233333333333333	10
Agrobacterium_rosae	120.13333333333334	22.375	2.033333333333333	0.8333333333333335	2
Agrobacterium_rubi	127.65	23.775	2.1166666666666667	1.0000000000000002	2
Agrobacterium_salinitolerans	130.2	22.53333333333333	1.3416666666666668	1.0666666666666669	2
Agrobacterium_tumefaciens	192.45	23.54183006535948	27.77156862745098	23.983333333333334	51
Agrobacterium_vitis	73.08333333333333	24.925641025641028	12.429166666666667	6.183333333333333	13
Akkermansia_glycaniphila	50.13333333333333	14.1	1.2	1.1500000000000001	2
Akkermansia_muciniphila	123.56666666666666	14.632700421940934	19.316244725738393	33.28333333333334	79
Albidovulum_xiamenense	50.11666666666667	16.383333333333333	1.2166666666666668	1.1666666666666667	2
Alcaligenes_faecalis	76.71666666666667	21.359375000000004	14.742187500000002	13.766666666666667	32
Alcanivorax_borkumensis	50.11666666666667	16.525	1.1416666666666666	1.0166666666666668	2
Alcanivorax_dieselolei	55.13333333333333	21.758333333333333	1.7916666666666665	1.1166666666666667	2
Alcanivorax_jadensis	57.8	18.753333333333337	2.4833333333333334	2.0500000000000003	5
Alcanivorax_xenomutans	60.166666666666664	22.21666666666667	1.325	1.0166666666666668	2
Algibacter_lectus	50.166666666666664	14.966666666666669	2.5999999999999996	1.3166666666666667	3
Algoriphagus_antarcticus	90.15	18.19166666666667	2.4166666666666665	0.9333333333333335	2
Algoriphagus_boritolerans	72.66666666666667	16.241666666666667	1.3416666666666666	0.9166666666666669	2
Algoriphagus_faecimaris	77.7	16.200000000000003	1.3916666666666666	0.8333333333333335	2
Algoriphagus_marincola	75.16666666666667	15.677777777777777	2.1666666666666665	1.25	3
Alicycliphilus_denitrificans	75.23333333333333	23.370833333333334	4.025	2.1666666666666665	4
Alicyclobacillus_acidocaldarius	70.26666666666667	18.122222222222224	1.2722222222222221	1.2833333333333334	3
Alicyclobacillus_hesperidum	67.7	17.333333333333336	1.0583333333333333	1.0500000000000003	2
Alicyclobacillus_macrosporangiidus	72.66666666666667	20.90833333333333	1.4	0.9000000000000002	2
Aliiroseovarius_crassostreae	62.65	18.866666666666667	1.2333333333333334	1.1000000000000003	2
Aliivibrio_sifiae	70.13333333333334	26.275000000000002	1.4833333333333334	0.9333333333333336	2
Alistipes_finegoldii	63.71666666666667	14.455555555555554	1.6166666666666665	1.4000000000000001	3
Alistipes_indistinctus	71.28333333333333	12.958333333333332	0.975	1.8666666666666665	2
Alistipes_obesi	56.266666666666666	8.77222222222222	1.0222222222222221	1.4166666666666665	3
Alistipes_onderdonkii	51.25	15.516666666666666	1.0916666666666668	0.9333333333333336	2
Alistipes_putredinis	56.233333333333334	12.200000000000001	0.85	1.5	3
Alistipes_timonensis	48.65	14.466666666666665	1.525	1.0000000000000002	2
Alkalilimnicola_ehrlichii	55.18333333333333	23.66111111111111	1.3833333333333335	1.2833333333333332	3
Alkalitalea_saponilacus	47.6	18.566666666666666	1.7083333333333335	0.9333333333333335	2
Alloiococcus_otitis	45.266666666666666	13.716666666666667	0.775	0.9500000000000002	2
Allokutzneria_albata	57.63333333333333	28.925	4.3	0.8500000000000002	2
Alloscardovia_macacae	40.2	10.972222222222221	0.9055555555555556	1.4166666666666667	3
Alloscardovia_omnicolens	50.45	10.775	2.505	4.75	10
Altererythrobacter_marensis	47.71666666666667	13.894444444444446	1.05	1.3333333333333333	3
Alteribacillus_bidgolensis	57.733333333333334	22.241666666666667	1.3083333333333333	1.0833333333333335	2
Alteromonas_abrolhosensis	60.21666666666667	23.508333333333333	1.325	0.9500000000000002	2
Alteromonas_australica	68.65	19.25	10.851333333333336	10.66666666666667	25
Alteromonas_macleodii	84.38333333333334	18.70833333333333	15.996031746031743	17.55	42
Alteromonas_mediterranea	65.76666666666667	21.34705882352941	9.414705882352942	7.399999999999999	17
Alteromonas_stellipolaris	55.266666666666666	21.804166666666667	2.908333333333333	1.8166666666666669	4
Alysiella_crassa	45.2	16.083333333333336	0.9749999999999999	0.9	2
Aminobacter_aminovorans	55.25	26.083333333333336	2.583333333333333	1.0333333333333334	2
Amycolatopsis_alba	65.26666666666667	34.25833333333333	3.5	0.9666666666666669	2
Amycolatopsis_azurea	65.23333333333333	33.358333333333334	4.791666666666666	0.9333333333333335	2
Amycolatopsis_keratiniphila	70.3	32.420833333333334	7.341666666666667	1.8833333333333335	4
Amycolatopsis_lurida	60.18333333333333	30.516666666666666	3.0999999999999996	1.0000000000000002	2
Amycolatopsis_mediterranei	100.41666666666667	56.46666666666668	15.207142857142857	3.6833333333333327	7
Amycolatopsis_methanolica	55.13333333333333	28.424999999999997	2.35	0.9333333333333335	2
Amycolatopsis_orientalis	67.76666666666667	34.65416666666667	4.695833333333333	1.6833333333333336	4
Amycolatopsis_pretoriensis	90.15	58.7	3.341666666666667	1.116666666666667	2
Amycolatopsis_regifaucium	62.71666666666667	29.927777777777777	4.233333333333333	1.3	3
Amycolatopsis_thermalba	60.15	29.608333333333334	3.0250000000000004	0.9833333333333334	2
Amycolatopsis_vancoresmycina	87.61666666666666	45.66666666666667	3.45	0.9666666666666669	2
Anabaena_cylindrica	50.11666666666667	21.69166666666667	2.2583333333333333	1.1166666666666667	2
Anaerobiospirillum_thomasii	45.1	16.125	1.1833333333333333	0.8333333333333336	2
Anaerococcus_hydrogenalis	40.166666666666664	11.545833333333334	1.0833333333333333	1.9000000000000001	4
Anaerococcus_lactolyticus	40.166666666666664	11.933333333333334	0.6416666666666666	1.2500000000000002	2
Anaerococcus_octavius	40.13333333333333	12.033333333333333	0.525	1.0166666666666668	2
Anaerococcus_prevotii	42.666666666666664	12.522222222222224	0.6444444444444445	1.116666666666667	3
Anaerococcus_tetradius	40.1	12.6	0.625	0.9500000000000002	2
Anaerococcus_vaginalis	47.61666666666667	12.216666666666667	0.6666666666666667	1.2333333333333336	2
Anaerocolumna_aminovalerica	45.1	18.225	1.5916666666666668	1.0500000000000003	2
Anaerolinea_thermolimosa	47.666666666666664	19.508333333333333	0.9750000000000001	1.0166666666666668	2
Anaerolinea_thermophila	47.68333333333333	15.450000000000003	0.6166666666666667	0.9500000000000002	2
Anaeromyxobacter_dehalogenans	55.2	26.1	1.5333333333333332	1.2333333333333332	2
Anaerophaga_thermohalophila	45.13333333333333	17.483333333333334	1.2333333333333334	1.0000000000000002	2
Anaerostipes_caccae	45.11666666666667	17.29166666666667	0.9333333333333333	0.8833333333333335	2
Anaerostipes_hadrus	50.516666666666666	14.587878787878791	3.674242424242425	5.249999999999999	11
Anaerotignum_lactatifermentans	42.61666666666667	16.025000000000002	1.2833333333333332	0.9333333333333335	2
Anaerotignum_propionicum	42.61666666666667	16.141666666666666	1.0583333333333333	0.9333333333333336	2
Anaerotruncus_colihominis	50.35	17.644444444444446	2.9222222222222225	2.4666666666666663	6
Anaerovibrio_lipolyticus	42.75	14.454166666666666	1.2833333333333334	1.5	4
Anaplasma_phagocytophilum	58.63333333333333	8.017777777777779	4.32388888888889	11.016666666666667	30
Aneurinibacillus_migulanus	60.333333333333336	21.607142857142858	6.980952380952381	2.583333333333333	7
Aneurinibacillus_soli	50.13333333333333	21.891666666666666	1.2416666666666667	0.8333333333333336	2
Anoxybacillus_ayderensis	45.18333333333333	16.36111111111111	1.1500000000000001	1.6833333333333333	3
Anoxybacillus_flavithermus	53.06666666666667	15.684615384615386	3.379487179487179	5.083333333333332	13
Anoxybacillus_gonensis	57.68333333333333	16.855555555555558	1.1833333333333333	1.3833333333333333	3
Anoxybacillus_suryakundensis	45.18333333333333	14.65	0.9833333333333334	0.8833333333333335	2
Antarctobacter_heliothermus	55.166666666666664	21.608333333333334	1.8666666666666667	0.8500000000000002	2
Apibacter_adventoris	37.6	11.183333333333334	0.9416666666666667	0.7833333333333335	2
Apibacter_mensalis	37.61666666666667	11.100000000000001	0.7749999999999999	0.7333333333333335	2
Aquimarina_megaterium	52.61666666666667	17.866666666666667	2.2083333333333335	0.8166666666666669	2
Arcanobacterium_haemolyticum	45.166666666666664	12.408333333333335	1.0	1.6833333333333333	4
Archaeoglobus_fulgidus	42.766666666666666	10.873333333333335	1.7866666666666666	1.7	5
Archangium_gephyra	92.7	49.4	4.305555555555556	1.35	3
Arcobacter_butzleri	53.1	12.679166666666665	4.861458333333334	6.549999999999999	16
Ardenticatena_maritima	42.6	17.108333333333334	1.35	0.9833333333333336	2
Arenibacter_algicola	52.63333333333333	17.508333333333333	1.6749999999999998	0.9500000000000003	2
Arenimonas_composti	50.11666666666667	16.725	1.1916666666666667	0.9166666666666669	2
Arenimonas_oryziterrae	50.11666666666667	15.858333333333334	1.2083333333333333	0.9500000000000002	2
Arenitalea_lutea	50.13333333333333	12.616666666666667	0.9583333333333334	0.8500000000000002	2
Arthrobacter_alpinus	57.75	21.663333333333334	2.5100000000000002	2.1666666666666665	5
Arthrobacter_crystallopoietes	50.166666666666664	20.20555555555556	2.3777777777777778	1.2	3
Arthrobacter_enclensis	47.61666666666667	19.775000000000002	1.225	0.9666666666666669	2
Arthrobacter_globiformis	47.68333333333333	19.694444444444446	2.111111111111111	1.7	3
Arthrobacter_woluwensis	60.18333333333333	17.700000000000003	1.3222222222222222	1.3333333333333335	3
Asaia_bogorensis	45.15	15.683333333333332	1.2277777777777776	1.3000000000000003	3
Asaia_platycodi	45.11666666666667	15.1	1.0333333333333332	0.9166666666666669	2
Asticcacaulis_benevestitus	50.11666666666667	19.141666666666666	1.7416666666666667	0.9166666666666669	2
Atopobium_minutum	45.2	11.311111111111112	0.7277777777777777	1.8666666666666667	3
Atopobium_parvulum	37.63333333333333	10.2	0.5083333333333333	1.0000000000000002	2
Atopobium_rimae	47.65	10.575	0.575	0.7833333333333335	2
Atopobium_vaginae	47.81666666666667	9.549999999999999	1.0694444444444444	2.333333333333333	6
Aurantimonas_coralicida	47.63333333333333	20.666666666666668	1.2916666666666665	0.9000000000000001	2
Aurantimonas_manganoxydans	67.61666666666666	21.69166666666667	1.2583333333333333	0.7000000000000003	2
Aureimonas_altamirensis	57.81666666666667	22.79444444444444	1.761111111111111	1.25	3
Aureimonas_ureilytica	62.81666666666667	23.770833333333332	2.416666666666667	1.4833333333333336	4
Austwickia_chelonae	50.25	17.561111111111114	1.5055555555555555	1.0666666666666669	3
Avibacterium_gallinarum	45.11666666666667	14.6	0.8166666666666667	0.8333333333333335	2
Avibacterium_paragallinarum	53.0	14.816666666666668	4.274242424242424	3.383333333333333	11
Azoarcus_communis	60.166666666666664	22.766666666666666	1.8111111111111111	1.3333333333333333	3
Azonexus_hydrophilus	50.13333333333333	19.558333333333334	1.2416666666666667	0.8333333333333335	2
Azospira_oryzae	52.68333333333333	18.75416666666667	1.4458333333333333	1.5500000000000003	4
Azospirillum_brasilense	78.26666666666667	27.292708333333334	14.13125	5.299999999999999	16
Azospirillum_thiophilum	60.13333333333333	30.95	3.3583333333333334	0.8333333333333336	2
Azotobacter_beijerinckii	67.85	21.930555555555554	4.32	2.0333333333333337	6
Azovibrio_restrictus	55.21666666666667	17.175	0.7666666666666666	0.8500000000000002	2
Bacillus_acidiceler	55.28333333333333	20.733333333333334	2.4277777777777776	1.2000000000000002	3
Bacillus_akibai	52.733333333333334	20.075000000000003	1.6833333333333333	0.7500000000000001	2
Bacillus_alkalitelluris	47.733333333333334	20.933333333333334	1.375	0.7833333333333335	2
Bacillus_altitudinis	65.91666666666667	19.0725	8.999166666666666	10.25	20
Bacillus_amyloliquefaciens	115.71666666666667	20.79846153846155	28.854615384615386	29.900000000000002	65
Bacillus_andreraoultii	57.666666666666664	18.283333333333335	1.6944444444444446	1.1	3
Bacillus_aryabhattai	73.33333333333333	22.668627450980395	12.061764705882354	8.583333333333332	17
Bacillus_atrophaeus	84.05	20.516111111111115	15.624444444444446	14.61666666666667	30
Bacillus_azotoformans	47.61666666666667	20.6	1.4166666666666665	0.8000000000000002	2
Bacillus_badius	52.81666666666667	19.473809523809525	4.3	4.533333333333333	7
Bacillus_boroniphilus	45.11666666666667	18.79166666666667	1.4916666666666667	1.0833333333333335	2
Bacillus_butanolivorans	57.666666666666664	23.711111111111112	2.227777777777778	1.1333333333333335	3
Bacillus_cellulasensis	62.9	20.46458333333333	3.8583333333333334	3.633333333333333	8
Bacillus_circulans	67.96666666666667	24.257407407407413	6.731481481481482	4.033333333333332	9
Bacillus_clausii	75.98333333333333	21.73492063492064	11.22142857142857	8.149999999999999	21
Bacillus_coagulans	73.86666666666666	17.624444444444446	9.83722222222222	12.533333333333335	30
Bacillus_coahuilensis	50.21666666666667	17.71666666666667	1.2111111111111112	1.35	3
Bacillus_cohnii	50.15	21.19166666666667	1.7166666666666666	0.9333333333333336	2
Bacillus_cytotoxicus	63.35	19.61190476190476	7.666666666666666	7.166666666666666	14
Bacillus_drentensis	57.666666666666664	21.483333333333334	1.925	1.1666666666666667	2
Bacillus_enclensis	55.13333333333333	19.608333333333334	1.5416666666666665	1.0333333333333334	2
Bacillus_endophyticus	60.38333333333333	22.32619047619048	6.352380952380952	3.149999999999999	7
Bacillus_filamentosus	60.3	20.305555555555557	3.25	3.3833333333333324	6
Bacillus_firmus	50.233333333333334	21.133333333333333	3.0633333333333335	2.166666666666667	5
Bacillus_flexus	52.766666666666666	19.923333333333332	2.65	2.716666666666666	5
Bacillus_gaemokensis	67.66666666666667	23.941666666666666	1.4916666666666667	0.9666666666666669	2
Bacillus_glycinifermentans	67.86666666666666	21.42333333333334	2.8299999999999996	2.4666666666666663	5
Bacillus_gottheilii	62.65	20.933333333333334	1.4583333333333335	1.1500000000000001	2
Bacillus_halotolerans	75.93333333333334	19.80740740740741	8.76388888888889	12.483333333333334	18
Bacillus_haynesii	50.28333333333333	20.450000000000003	1.5583333333333333	2.066666666666667	2
Bacillus_hemicellulosilyticus	50.3	22.325000000000003	1.7166666666666668	2.3	2
Bacillus_horikoshii	50.266666666666666	20.222222222222225	2.0055555555555555	3.2500000000000004	3
Bacillus_horneckiae	50.2	22.541666666666668	1.3666666666666667	2.583333333333333	2
Bacillus_indicus	55.166666666666664	19.299999999999997	1.2083333333333333	1.866666666666667	2
Bacillus_intestinalis	65.36666666666666	19.880555555555553	3.4361111111111113	3.216666666666667	6
Bacillus_krulwichiae	57.7	21.55	1.55	1.9333333333333333	2
Bacillus_lentus	57.61666666666667	21.441666666666666	1.2	1.5333333333333334	2
Bacillus_licheniformis	154.96666666666667	21.353921568627456	36.618627450980384	69.9	85
Bacillus_marisflavi	57.93333333333333	20.906249999999996	4.108333333333333	3.416666666666666	8
Bacillus_megaterium	181.78333333333333	25.227604166666666	51.5296875	67.83333333333333	96
Bacillus_methanolicus	47.7	17.022222222222222	1.5722222222222222	1.4499999999999997	3
Bacillus_mobilis	62.65	23.34166666666667	1.5166666666666666	1.2166666666666668	2
Bacillus_mojavensis	47.63333333333333	19.791666666666668	1.0750000000000002	0.8666666666666668	2
Bacillus_muralis	57.666666666666664	23.3	1.2	0.9833333333333335	2
Bacillus_mycoides	135.85	24.70564102564103	35.06358974358975	37.2	65
Bacillus_nakamurai	52.65	19.475	1.3333333333333333	1.0000000000000002	2
Bacillus_nealsonii	55.15	21.975	1.4	1.1666666666666667	2
Bacillus_niacini	52.75	20.41111111111111	1.7222222222222223	1.45	3
Bacillus_novalis	52.65	24.741666666666667	1.4666666666666668	1.0166666666666668	2
Bacillus_onubensis	50.15	22.433333333333337	1.2583333333333333	0.9833333333333334	2
Bacillus_paralicheniformis	69.1	19.85217391304348	12.692028985507244	11.766666666666666	23
Bacillus_pumilus	86.18333333333334	17.86098484848485	15.71969696969697	19.883333333333333	44
Bacillus_safensis	80.13333333333334	18.65138888888889	14.452857142857141	15.050000000000002	36
Bacillus_siamensis	60.63333333333333	18.445238095238096	4.333333333333333	4.199999999999999	7
Bacillus_simplex	68.66666666666667	23.082142857142856	9.978571428571428	5.749999999999999	14
Bacillus_smithii	42.71666666666667	16.666666666666668	1.5277777777777777	2.0166666666666666	3
Bacillus_soli	57.68333333333333	25.03333333333333	1.5	1.1333333333333335	2
Bacillus_sonorensis	53.03333333333333	20.495238095238097	4.766666666666666	3.666666666666666	7
Bacillus_sporothermodurans	47.916666666666664	18.226666666666667	2.533333333333333	2.4166666666666665	5
Bacillus_swezeyi	47.65	20.791666666666664	1.3083333333333333	1.2	2
Bacillus_tequilensis	47.766666666666666	17.616666666666667	1.05	1.1833333333333333	2
Bacillus_trypoxylicola	47.733333333333334	19.733333333333334	1.4833333333333334	0.9833333333333336	2
Bacillus_vallismortis	52.93333333333333	19.509999999999998	2.246666666666667	2.5333333333333328	5
Bacillus_vietnamensis	57.71666666666667	22.822222222222223	1.6444444444444446	1.9333333333333331	3
Bacillus_vireti	60.28333333333333	27.3	1.3833333333333333	1.0166666666666668	2
Bacillus_wakoensis	45.166666666666664	19.66666666666667	1.6666666666666665	1.65	2
Bacillus_xiamenensis	50.13333333333333	20.150000000000002	0.9666666666666666	1.2166666666666666	2
Bacteroides_acidifaciens	52.86666666666667	18.56666666666667	3.7299999999999995	2.766666666666666	5
Bacteroides_barnesiae	40.28333333333333	14.300000000000002	1.622222222222222	1.65	3
Bacteroides_caccae	78.58333333333333	16.52592592592593	13.217592592592592	10.6	18
Bacteroides_caecimuris	47.733333333333334	18.144444444444446	2.4166666666666665	1.5333333333333334	3
Bacteroides_cellulosilyticus	73.3	19.095	12.401666666666667	6.216666666666666	10
Bacteroides_clarus	58.1	15.18809523809524	4.630952380952381	3.9333333333333327	7
Bacteroides_coprocola	47.7	15.091666666666667	1.5333333333333332	1.5333333333333334	2
Bacteroides_coprophilus	57.88333333333333	13.783333333333333	2.386111111111111	3.416666666666666	6
Bacteroides_dorei	66.01666666666667	17.554166666666667	13.079166666666666	8.633333333333333	16
Bacteroides_eggerthii	58.233333333333334	16.11111111111111	6.847222222222222	6.216666666666666	12
Bacteroides_faecichinchillae	42.65	15.516666666666667	1.35	1.4	2
Bacteroides_faecis	52.9	18.343333333333334	5.316666666666666	3.5166666666666666	5
Bacteroides_finegoldii	45.333333333333336	15.413333333333332	2.6233333333333335	2.4833333333333325	5
Bacteroides_gallinarum	52.666666666666664	16.35	1.8666666666666667	1.0500000000000003	2
Bacteroides_graminisolvens	50.4	11.830555555555556	2.2750000000000004	3.3666666666666663	6
Bacteroides_intestinalis	85.98333333333333	18.418749999999996	15.017708333333333	7.816666666666666	16
Bacteroides_massiliensis	52.733333333333334	16.288888888888888	1.9555555555555557	1.4333333333333333	3
Bacteroides_nordii	52.766666666666666	17.022222222222222	2.8555555555555556	1.7166666666666666	3
Bacteroides_oleiciplenus	57.766666666666666	20.33888888888889	3.277777777777778	1.8	3
Bacteroides_ovatus	125.01666666666667	19.927519379844963	38.980555555555554	26.666666666666668	43
Bacteroides_paurosaccharolyticus	42.63333333333333	11.2	0.7333333333333334	1.1000000000000003	2
Bacteroides_plebeius	68.55	14.344166666666666	9.624166666666666	9.033333333333335	20
Bacteroides_propionicifaciens	45.2	11.258333333333333	0.9166666666666666	1.0166666666666668	2
Bacteroides_pyogenes	47.86666666666667	12.647222222222224	2.7527777777777778	3.1666666666666665	6
Bacteroides_salyersiae	60.31666666666667	17.223333333333333	5.196666666666666	2.3833333333333333	5
Bacteroides_sartorii	67.73333333333333	17.494444444444444	3.1611111111111114	1.5499999999999998	3
Bacteroides_stercorirosoris	60.18333333333333	18.605555555555554	3.791666666666667	1.6833333333333336	3
Bacteroides_stercoris	99.28333333333333	15.482222222222223	13.80722222222222	15.833333333333332	30
Bacteroides_thetaiotaomicron	107.41666666666667	19.147619047619045	27.0647619047619	26.400000000000006	35
Bacteroides_uniformis	135.48333333333332	16.70671641791045	30.775373134328348	42.733333333333334	67
Bacteroides_vulgatus	141.68333333333334	17.65705882352942	44.01184738955823	46.08333333333333	85
Bacteroides_xylanisolvens	89.13333333333334	18.495	18.39666666666667	10.05	20
Barnesiella_intestinihominis	55.21666666666667	12.4375	2.1125000000000003	2.05	4
Barnesiella_viscericola	50.11666666666667	12.216666666666667	0.75	1.3000000000000003	2
Bartonella_apis	52.983333333333334	14.472222222222221	2.036111111111111	3.4666666666666663	6
Bartonella_bacilliformis	55.9	9.442708333333334	2.798958333333333	7.833333333333332	16
Bartonella_clarridgeiae	42.68333333333333	9.216666666666665	0.525	1.2333333333333332	2
Bartonella_doshiae	42.75	10.583333333333332	1.1875	2.4999999999999996	4
Bartonella_elizabethae	40.416666666666664	10.826666666666668	1.4466666666666668	2.4833333333333334	5
Bartonella_grahamii	40.21666666666667	10.533333333333333	1.1666666666666667	2.216666666666667	3
Bartonella_henselae	59.11666666666667	10.09375	4.0125	10.383333333333335	24
Bartonella_quintana	53.36666666666667	9.383333333333333	2.4211111111111108	6.2333333333333325	15
Bartonella_rattimassiliensis	40.15	9.875	0.6583333333333333	0.9833333333333335	2
Bartonella_tribocorum	40.25	10.7875	1.4416666666666664	1.8166666666666669	4
Bartonella_vinsonii	40.45	10.03888888888889	1.6166666666666665	2.3499999999999996	6
Basfia_succiniciproducens	57.8	14.674999999999999	0.5666666666666667	1.0166666666666668	2
Basilea_psittacipulmonis	42.75	11.45	0.7083333333333333	1.7333333333333336	2
Bavariicoccus_seileri	40.166666666666664	12.408333333333333	0.475	1.0333333333333337	2
Bdellovibrio_bacteriovorus	50.43333333333333	17.65	3.520833333333333	3.849999999999999	8
Beggiatoa_leptomitoformis	45.15	19.708333333333336	1.6916666666666667	1.1833333333333336	2
Bellilinea_caldifistulae	45.15	18.541666666666668	1.4	1.45	2
Belnapia_rosea	65.13333333333334	26.9	1.9083333333333332	1.1666666666666667	2
Bergeriella_denitrificans	40.2	12.572222222222223	0.8944444444444445	1.4333333333333333	3
Bergeyella_zoohelcum	50.233333333333334	11.75	1.575	2.816666666666666	4
Bhargavaea_cecembensis	50.233333333333334	17.427777777777777	1.4833333333333334	2.3833333333333333	3
Bifidobacterium_actinocoloniiforme	50.2	12.388888888888888	0.6722222222222222	NA	3
Bifidobacterium_adolescentis	84.91666666666667	12.335333333333333	9.353333333333333	25.1	50
Bifidobacterium_angulatum	45.233333333333334	10.83666666666667	1.78	2.1666666666666665	5
Bifidobacterium_animalis	88.5	11.261607142857146	9.75625	22.866666666666667	56
Bifidobacterium_asteroides	55.53333333333333	11.375757575757577	3.05	4.533333333333333	11
Bifidobacterium_biavatii	57.666666666666664	16.96666666666667	0.8666666666666667	1.4166666666666665	2
Bifidobacterium_bifidum	99.01666666666667	11.280193236714975	12.646135265700483	27.95	69
Bifidobacterium_bohemicum	47.733333333333334	12.433333333333332	0.7611111111111111	1.9500000000000002	3
Bifidobacterium_bombi	42.65	10.175	0.5333333333333333	0.9833333333333335	2
Bifidobacterium_boum	47.78333333333333	11.049999999999999	1.0777777777777777	1.2666666666666666	3
Bifidobacterium_breve	114.55	11.710243055555551	18.508854166666666	42.300000000000004	96
Bifidobacterium_callitrichos	52.78333333333333	12.9625	1.6625	1.9833333333333334	4
Bifidobacterium_catenulatum	47.78333333333333	10.209999999999999	1.623333333333333	2.0	5
Bifidobacterium_choerinum	47.78333333333333	10.404166666666667	1.3333333333333335	1.4666666666666666	4
Bifidobacterium_coryneforme	47.733333333333334	9.955555555555554	0.7944444444444444	1.3	3
Bifidobacterium_cuniculi	45.2	11.316666666666666	0.8083333333333333	0.9000000000000002	2
Bifidobacterium_dentium	55.516666666666666	12.004166666666668	3.709722222222222	5.633333333333333	12
Bifidobacterium_gallicum	42.65	10.166666666666666	0.75	1.2666666666666666	3
Bifidobacterium_gallinarum	50.2	12.704166666666666	1.0499999999999998	2.9499999999999997	4
Bifidobacterium_indicum	42.666666666666664	9.777777777777777	0.7055555555555556	1.2666666666666666	3
Bifidobacterium_kashiwanohense	40.25	13.183333333333334	1.1583333333333332	1.8333333333333333	4
Bifidobacterium_lemurum	42.65	13.775	1.05	1.4500000000000002	2
Bifidobacterium_magnum	47.68333333333333	9.988888888888889	0.6722222222222222	1.5999999999999999	3
Bifidobacterium_merycicum	37.71666666666667	11.208333333333334	1.4708333333333332	1.65	4
Bifidobacterium_minimum	42.666666666666664	13.133333333333335	0.7444444444444445	1.566666666666667	3
Bifidobacterium_mongoliense	40.15	12.066666666666668	0.8444444444444444	1.2333333333333334	3
Bifidobacterium_pseudocatenulatum	87.95	11.304726368159205	13.110945273631843	30.983333333333334	67
Bifidobacterium_pseudolongum	53.45	11.063636363636364	4.617424242424243	7.699999999999999	22
Bifidobacterium_psychraerophilum	40.166666666666664	12.933333333333335	1.05	1.2666666666666668	3
Bifidobacterium_pullorum	37.68333333333333	11.075000000000001	0.675	0.9166666666666669	2
Bifidobacterium_reuteri	40.13333333333333	12.483333333333334	0.7250000000000001	0.9666666666666668	2
Bifidobacterium_ruminantium	37.766666666666666	11.255555555555555	1.0777777777777777	1.2833333333333332	3
Bifidobacterium_saeculare	40.18333333333333	11.975	0.625	0.8833333333333336	2
Bifidobacterium_saguini	37.65	11.866666666666667	0.9583333333333333	0.9333333333333336	2
Bifidobacterium_scardovii	55.3	14.440000000000001	2.2666666666666666	2.2	5
Bifidobacterium_subtile	40.2	13.5	1.3499999999999999	1.5333333333333334	3
Bifidobacterium_thermacidophilum	37.71666666666667	10.616666666666667	1.3066666666666666	1.9666666666666668	5
Bifidobacterium_thermophilum	37.93333333333333	11.058333333333335	1.8444444444444443	2.183333333333333	6
Bifidobacterium_tsurumiense	37.733333333333334	11.77222222222222	1.0555555555555554	1.4666666666666668	3
Bilophila_wadsworthia	50.15	20.15	1.7916666666666665	1.3333333333333337	2
Blastochloris_viridis	47.71666666666667	17.66111111111111	1.8777777777777775	2.05	3
Blastococcus_saxobsidens	52.7	20.483333333333334	1.6166666666666667	1.5500000000000003	2
Blastopirellula_marina	57.9	22.333333333333332	6.105555555555555	3.516666666666667	6
Blautia_coccoides	47.666666666666664	21.14166666666667	1.8916666666666666	1.2666666666666668	2
Blautia_hansenii	42.75	14.116666666666667	1.05	1.0333333333333337	2
Blautia_hydrogenotrophica	42.71666666666667	15.883333333333333	1.1916666666666667	1.5333333333333337	2
Blautia_obeum	71.45	16.147058823529413	12.25707070707071	12.583333333333336	34
Blautia_producta	57.8	21.816666666666666	3.6291666666666664	2.499999999999999	4
Blautia_wexlerae	47.71666666666667	16.412499999999998	1.9	1.6666666666666665	4
Bordetella_avium	71.25	19.689130434782612	10.8731884057971	11.25	23
Bordetella_bronchialis	57.68333333333333	25.991666666666667	2.591666666666667	1.0833333333333335	2
Bordetella_bronchiseptica	185.0	25.889560439560437	57.552014652014655	60.233333333333334	91
Bordetella_hinzii	68.13333333333334	25.8474358974359	9.676923076923076	5.8	13
Bordetella_holmesii	79.28333333333333	20.4546875	15.870833333333337	14.150000000000002	32
Bordetella_parapertussis	76.26666666666667	23.592063492063495	15.544444444444444	9.333333333333332	21
Bordetella_petrii	52.733333333333334	25.844444444444445	1.9833333333333332	1.9333333333333333	3
Bordetella_pseudohinzii	57.95	24.269444444444446	4.797222222222222	2.883333333333333	6
Bordetella_trematum	58.083333333333336	22.8537037037037	6.540740740740741	3.799999999999999	9
Borrelia_coriaceae	35.21666666666667	8.583333333333332	0.8500000000000001	0.9666666666666669	2
Borrelia_hermsii	50.38333333333333	7.8880952380952385	1.0095238095238097	2.9499999999999993	7
Borrelia_mayonii	35.266666666666666	7.65	0.42500000000000004	0.9666666666666669	2
Borreliella_bissettii	35.233333333333334	8.016666666666667	0.725	0.8166666666666668	2
Borreliella_garinii	167.31666666666666	6.849999999999999	1.117063492063492	15.100000000000003	42
Bosea_thiooxidans	52.63333333333333	25.858333333333334	1.6	0.8500000000000002	2
Brachybacterium_faecium	52.75	19.91111111111111	1.488888888888889	1.2166666666666666	3
Brachyspira_hampsonii	45.28333333333333	13.861904761904766	2.4523809523809526	2.3833333333333324	7
Brachyspira_hyodysenteriae	61.083333333333336	13.692948717948715	9.817307692307693	10.549999999999999	26
Brachyspira_murdochii	40.166666666666664	13.533333333333335	1.2166666666666666	0.8833333333333334	2
Brachyspira_pilosicoli	40.3	12.35952380952381	2.8190476190476192	2.266666666666666	7
Bradyrhizobium_arachidis	60.2	32.125	3.825	1.1333333333333335	2
Bradyrhizobium_diazoefficiens	77.98333333333333	32.724074074074075	13.698148148148148	3.749999999999999	9
Bradyrhizobium_elkanii	80.58333333333333	30.084615384615383	16.629487179487178	7.333333333333333	13
Bradyrhizobium_japonicum	98.41666666666667	32.60530303030303	25.600757575757584	9.133333333333333	22
Bradyrhizobium_lablabi	70.36666666666666	27.919999999999998	3.796666666666667	2.6833333333333327	5
Bradyrhizobium_ottawaense	60.18333333333333	29.555555555555554	3.022222222222222	1.2833333333333337	3
Bradyrhizobium_valentinum	57.61666666666667	29.09166666666667	3.2583333333333337	0.9833333333333335	2
Bradyrhizobium_yuanmingense	70.71666666666667	28.847222222222225	7.008333333333334	3.2666666666666666	6
Branchiibius_hedensis	45.11666666666667	17.975	1.5916666666666666	0.9000000000000002	2
Brenneria_goodwinii	58.11666666666667	30.104166666666664	2.8541666666666665	1.9999999999999998	4
Brevibacillus_brevis	70.61666666666666	24.196666666666665	11.295	3.6166666666666663	10
Brevibacillus_formosus	63.166666666666664	28.083333333333332	3.327777777777778	1.4333333333333333	3
Brevibacillus_laterosporus	70.83333333333333	22.80462962962963	13.957407407407405	6.116666666666665	18
Brevibacillus_reuszeri	58.06666666666667	29.85	2.625	0.8333333333333336	2
Brevibacterium_aurantiacum	61.05	17.320175438596493	9.006140350877194	6.533333333333332	19
Brevibacterium_casei	50.63333333333333	17.464285714285715	3.5404761904761903	2.1500000000000004	7
Brevibacterium_epidermidis	43.016666666666666	16.81666666666667	1.3083333333333333	1.366666666666667	2
Brevibacterium_iodinum	42.93333333333333	16.566666666666666	1.2583333333333333	1.1333333333333335	2
Brevibacterium_linens	50.266666666666666	18.14166666666667	3.336111111111111	2.0	6
Brevibacterium_ravenspurgense	47.733333333333334	14.623333333333335	1.6800000000000002	1.8333333333333335	5
Brevirhabdus_pacifica	45.15	16.42222222222222	1.8055555555555556	1.4	3
Brevundimonas_diminuta	50.85	14.982051282051284	4.828205128205128	4.166666666666667	13
Brevundimonas_naejangsanensis	48.3	14.801388888888889	4.729166666666667	4.316666666666666	12
Brevundimonas_subvibrioides	42.666666666666664	15.100000000000001	1.2555555555555555	1.2000000000000002	3
Brevundimonas_vesicularis	45.166666666666664	16.633333333333336	1.3444444444444443	1.2833333333333337	3
Brochothrix_thermosphacta	58.65	15.991333333333335	6.638000000000001	10.066666666666666	25
Brucella_canis	71.31666666666666	17.161494252873567	12.783333333333335	13.983333333333334	29
Brucella_ceti	50.5	16.655555555555555	4.912962962962963	4.1499999999999995	9
Brucella_inopinata	45.11666666666667	17.233333333333334	0.8666666666666667	0.966666666666667	2
Brucella_neotomae	45.38333333333333	16.983333333333334	2.913888888888889	NA	6
Brucella_ovis	55.71666666666667	16.349019607843132	7.286274509803922	6.883333333333333	17
Brucella_suis	107.95	17.237948717948722	20.874102564102564	27.433333333333337	65
Brucella_vulpis	45.11666666666667	16.608333333333334	1.1666666666666667	0.9500000000000002	2
Budvicia_aquatica	55.2	27.06666666666667	2.308333333333333	1.3666666666666667	2
Burkholderia_ambifaria	73.06666666666666	29.771666666666665	13.3	3.9999999999999996	10
Burkholderia_contaminans	90.93333333333334	31.437037037037037	21.722222222222225	7.416666666666666	18
Burkholderia_gladioli	111.36666666666666	31.744871794871795	31.191025641025643	11.800000000000002	26
Burkholderia_glumae	65.45	25.048148148148144	9.672222222222222	3.416666666666666	9
Burkholderia_lata	62.733333333333334	30.733333333333334	4.616666666666667	2.283333333333333	4
Burkholderia_mallei	159.1	24.22610441767068	50.25240963855421	62.4	83
Burkholderia_oklahomensis	63.016666666666666	28.035416666666674	9.585416666666665	2.9666666666666663	8
Burkholderia_plantarii	60.25	29.61111111111111	4.672222222222222	1.1333333333333335	3
Burkholderia_pyrrocinia	65.51666666666667	31.70277777777778	6.866666666666667	2.2666666666666666	6
Burkholderia_singularis	50.11666666666667	23.06666666666667	1.9500000000000002	0.8500000000000002	2
Burkholderia_stabilis	67.81666666666666	30.256666666666668	6.156666666666666	2.0166666666666666	5
Burkholderia_thailandensis	122.01666666666667	26.473333333333333	33.25555555555555	22.15	45
